concept_id,concept_name,domain_id,vocabulary_id,concept_class_id,standard_concept,concept_code,valid_start_date,valid_end_date,invalid_reason
19129945,"{1 (1.2 ML) (interferon alfa-2b 15000000 UNT/ML Injectable Solution [Intron A]) / 70 (ribavirin 200 MG Oral Capsule [Rebetol]) } Pack [Rebetron Combination Package for Patients < = 75 KG, Intron A 15,000,000 UNT/ML Multi-Dose Pen / 70 Rebetol Capsules]",Drug,RxNorm,Branded Pack,S,794070,4/27/2008,12/31/2099,NA
19129951,"{1 (1.2 ML) (interferon alfa-2b 15000000 UNT/ML Injectable Solution [Intron A]) / 84 (ribavirin 200 MG Oral Capsule [Rebetol]) } Pack [Rebetron Combination Package for Patients > = 75 KG, Intron A 15,000,000 UNT/ML Multi-Dose Pen / 84 Rebetol Capsules]",Drug,RxNorm,Branded Pack,S,794076,4/27/2008,12/31/2099,NA
19129943,{1 (1.2 ML) (interferon alfa-2b 15000000 UNT/ML Injectable Solution) / 70 (ribavirin 200 MG Oral Capsule) } Pack,Drug,RxNorm,Clinical Pack,S,794068,4/27/2008,12/31/2099,NA
19129950,{1 (1.2 ML) (interferon alfa-2b 15000000 UNT/ML Injectable Solution) / 84 (ribavirin 200 MG Oral Capsule) } Pack,Drug,RxNorm,Clinical Pack,S,794075,4/27/2008,12/31/2099,NA
740217,{1 (2 ML) (cabotegravir 200 MG/ML Injectable Suspension) / 1 (2 ML) (rilpivirine 300 MG/ML Injectable Suspension) } Pack,Drug,RxNorm,Clinical Pack,S,2475417,4/5/2021,12/31/2099,NA
740218,{1 (2 ML) (cabotegravir 200 MG/ML Injectable Suspension) / 1 (2 ML) (rilpivirine 300 MG/ML Injectable Suspension) } Pack [CABENUVA 400 MG / 600 MG],Drug,RxNorm,Branded Pack,S,2475418,4/5/2021,12/31/2099,NA
740215,{1 (3 ML) (cabotegravir 200 MG/ML Injectable Suspension) / 1 (3 ML) (rilpivirine 300 MG/ML Injectable Suspension) } Pack,Drug,RxNorm,Clinical Pack,S,2475415,4/5/2021,12/31/2099,NA
740216,{1 (3 ML) (cabotegravir 200 MG/ML Injectable Suspension) / 1 (3 ML) (rilpivirine 300 MG/ML Injectable Suspension) } Pack [CABENUVA 600 MG / 900 MG],Drug,RxNorm,Branded Pack,S,2475416,4/5/2021,12/31/2099,NA
35201905,{2 (baloxavir marboxil 20 MG Oral Tablet [Xofluza]) } Pack [Xofluza 40 MG Dose Pack (2 x 20 MG Tablets)],Drug,RxNorm,Branded Pack,S,2100099,12/3/2018,12/31/2099,NA
35201901,{2 (baloxavir marboxil 20 MG Oral Tablet) } Pack,Drug,RxNorm,Clinical Pack,S,2100024,12/3/2018,12/31/2099,NA
35201906,{2 (baloxavir marboxil 40 MG Oral Tablet [Xofluza]) } Pack [Xofluza 80 MG Dose Pack (2 x 40 MG Tablets)],Drug,RxNorm,Branded Pack,S,2100100,12/3/2018,12/31/2099,NA
35201902,{2 (baloxavir marboxil 40 MG Oral Tablet) } Pack,Drug,RxNorm,Clinical Pack,S,2100026,12/3/2018,12/31/2099,NA
45893034,{2 (dasabuvir 250 MG Oral Tablet) / 2 (ombitasvir 12.5 MG / paritaprevir 75 MG / ritonavir 50 MG Oral Tablet) } Pack,Drug,RxNorm,Clinical Pack,S,1597387,3/2/2015,12/31/2099,NA
45892214,{2 (dasabuvir 250 MG Oral Tablet) / 2 (ombitasvir 12.5 MG / paritaprevir 75 MG / ritonavir 50 MG Oral Tablet) } Pack [Viekira Pak],Drug,RxNorm,Branded Pack,S,1597388,3/2/2015,12/31/2099,NA
702577,{20 (nirmatrelvir 150 MG Oral Tablet) / 10 (ritonavir 100 MG Oral Tablet) } Pack,Drug,RxNorm,Clinical Pack,S,2587898,1/3/2022,12/31/2099,NA
702578,{20 (nirmatrelvir 150 MG Oral Tablet) / 10 (ritonavir 100 MG Oral Tablet) } Pack [Paxlovid 5-Day],Drug,RxNorm,Branded Pack,S,2587899,1/3/2022,12/31/2099,NA
1592623,{28 (ribavirin 200 MG Oral Tablet [Ribasphere]) / 28 (ribavirin 400 MG Oral Tablet [Ribasphere]) } Pack [Ribasphere RibaPak 600],Drug,RxNorm,Branded Pack,S,1863148,8/7/2017,12/31/2099,NA
44785915,{28 (ribavirin 400 MG Oral Tablet [Moderiba]) / 28 (ribavirin 600 MG Oral Tablet [Moderiba]) } Pack [Moderiba 1000 Dose Pack],Drug,RxNorm,Branded Pack,S,1487500,3/3/2014,12/31/2099,NA
40171346,{28 (ribavirin 400 MG Oral Tablet [Ribasphere]) / 28 (ribavirin 600 MG Oral Tablet [Ribasphere]) } Pack [Ribasphere RibaPak 1000],Drug,RxNorm,Branded Pack,S,896790,1/31/2010,12/31/2099,NA
40220769,{3 (24 HR dasabuvir 200 MG / ombitasvir 8.33 MG / paritaprevir 50 MG / ritonavir 33.33 MG Extended Release Oral Tablet) } Pack [Viekira XR Pak],Drug,RxNorm,Branded Pack,S,1802215,10/3/2016,12/31/2099,NA
44785486,{56 (ribavirin 400 MG Oral Tablet [Moderiba]) } Pack [Moderiba 800 Dose Pack],Drug,RxNorm,Branded Pack,S,1486198,2/3/2014,12/31/2099,NA
40174584,{56 (ribavirin 400 MG Oral Tablet [Ribasphere]) } Pack [Ribasphere RibaPak 800],Drug,RxNorm,Branded Pack,S,902312,4/4/2010,12/31/2099,NA
19129147,{56 (ribavirin 400 MG Oral Tablet) } Pack,Drug,RxNorm,Clinical Pack,S,757599,3/2/2008,12/31/2099,NA
44785487,{56 (ribavirin 600 MG Oral Tablet [Moderiba]) } Pack [Moderiba 1200 Dose Pack],Drug,RxNorm,Branded Pack,S,1486203,2/3/2014,12/31/2099,NA
40174585,{56 (ribavirin 600 MG Oral Tablet [Ribasphere]) } Pack [Ribasphere RibaPak 1200],Drug,RxNorm,Branded Pack,S,902313,4/4/2010,12/31/2099,NA
19129145,{56 (ribavirin 600 MG Oral Tablet) } Pack,Drug,RxNorm,Clinical Pack,S,757597,3/2/2008,12/31/2099,NA
42544077,1.33 ML ibalizumab-uiyk 150 MG/ML Injection [Trogarzo],Drug,RxNorm,Quant Branded Drug,S,2043322,5/7/2018,12/31/2099,NA
35606521,10 ML acyclovir 50 MG/ML Injection,Drug,RxNorm,Quant Clinical Drug,S,1734932,5/2/2016,12/31/2099,NA
964329,10 ML ganciclovir 50 MG/ML Injection,Drug,RxNorm,Quant Clinical Drug,S,1999531,4/2/2018,12/31/2099,NA
1146782,12 HR fostemsavir 600 MG Extended Release Oral Tablet,Drug,RxNorm,Quant Clinical Drug,S,2380549,8/3/2020,12/31/2099,NA
1146783,12 HR fostemsavir 600 MG Extended Release Oral Tablet [Rukobia],Drug,RxNorm,Quant Branded Drug,S,2380551,8/3/2020,12/31/2099,NA
1708750,20 ACTUAT zanamivir 5 MG/ACTUAT Dry Powder Inhaler,Drug,RxNorm,Quant Clinical Drug,S,759471,3/2/2008,12/31/2099,NA
1708751,20 ACTUAT zanamivir 5 MG/ACTUAT Dry Powder Inhaler [Relenza],Drug,RxNorm,Quant Branded Drug,S,759473,3/2/2008,12/31/2099,NA
35606523,20 ML acyclovir 50 MG/ML Injection,Drug,RxNorm,Quant Clinical Drug,S,1734934,5/2/2016,12/31/2099,NA
40167571,20 ML peramivir 10 MG/ML Injection [Rapivab],Drug,RxNorm,Quant Branded Drug,S,876203,11/1/2009,12/31/2099,NA
1146730,20 ML remdesivir 5 MG/ML Injection,Drug,RxNorm,Quant Clinical Drug,S,2367758,8/3/2020,12/31/2099,NA
37003601,20 ML remdesivir 5 MG/ML Injection [Veklury],Drug,RxNorm,Quant Branded Drug,S,2395504,1/4/2021,12/31/2099,NA
19027669,20 ML zidovudine 10 MG/ML Injection,Drug,RxNorm,Quant Clinical Drug,S,204534,1/1/1970,12/31/2099,NA
19010179,20 ML zidovudine 10 MG/ML Injection [Retrovir],Drug,RxNorm,Quant Branded Drug,S,108396,1/1/1970,12/31/2099,NA
40220796,24 HR dasabuvir 200 MG / ombitasvir 8.33 MG / paritaprevir 50 MG / ritonavir 33.33 MG Extended Release Oral Tablet,Drug,RxNorm,Quant Clinical Drug,S,1802213,10/3/2016,12/31/2099,NA
40237541,24 HR nevirapine 400 MG Extended Release Oral Tablet,Drug,RxNorm,Quant Clinical Drug,S,1095712,5/1/2011,12/31/2099,NA
40237542,24 HR nevirapine 400 MG Extended Release Oral Tablet [Viramune],Drug,RxNorm,Quant Branded Drug,S,1095715,5/1/2011,12/31/2099,NA
792941,24 ML letermovir 20 MG/ML Injection,Drug,RxNorm,Quant Clinical Drug,S,1988660,2/5/2018,12/31/2099,NA
792942,24 ML letermovir 20 MG/ML Injection [Prevymis],Drug,RxNorm,Quant Branded Drug,S,1988661,2/5/2018,12/31/2099,NA
35606301,250 ML foscarnet sodium 24 MG/ML Injection,Drug,RxNorm,Quant Clinical Drug,S,1734377,5/2/2016,12/31/2099,NA
40163602,250 ML foscarnet sodium 24 MG/ML Injection [Foscavir],Drug,RxNorm,Quant Branded Drug,S,855613,8/2/2009,12/31/2099,NA
1592412,250 ML ganciclovir 2 MG/ML Injection,Drug,RxNorm,Quant Clinical Drug,S,1872065,8/7/2017,12/31/2099,NA
702659,3 ML cabotegravir 200 MG/ML Injection,Drug,RxNorm,Quant Clinical Drug,S,2588077,1/3/2022,12/31/2099,NA
1745073,5 ML cidofovir 75 MG/ML Injection,Drug,RxNorm,Quant Clinical Drug,S,199388,1/1/1970,12/31/2099,NA
1745074,5 ML cidofovir 75 MG/ML Injection [Vistide],Drug,RxNorm,Quant Branded Drug,S,211248,1/1/1970,12/31/2099,NA
35606305,500 ML foscarnet sodium 24 MG/ML Injection,Drug,RxNorm,Quant Clinical Drug,S,1734383,5/2/2016,12/31/2099,NA
1736971,abacavir,Drug,RxNorm,Ingredient,S,190521,1/1/1970,12/31/2099,NA
19058557,abacavir 20 MG/ML Oral Solution,Drug,RxNorm,Clinical Drug,S,242680,1/1/1970,12/31/2099,NA
1736993,abacavir 20 MG/ML Oral Solution [Ziagen],Drug,RxNorm,Branded Drug,S,213461,1/1/1970,12/31/2099,NA
19120798,abacavir 300 MG / lamivudine 150 MG / zidovudine 300 MG [Trizivir],Drug,RxNorm,Branded Drug Comp,S,575077,9/11/2005,12/31/2099,NA
19072156,abacavir 300 MG / lamivudine 150 MG / zidovudine 300 MG Oral Tablet,Drug,RxNorm,Clinical Drug,S,307650,1/1/1970,12/31/2099,NA
19071718,abacavir 300 MG / lamivudine 150 MG / zidovudine 300 MG Oral Tablet [Trizivir],Drug,RxNorm,Branded Drug,S,285028,1/1/1970,12/31/2099,NA
19086090,abacavir 300 MG [Ziagen],Drug,RxNorm,Branded Drug Comp,S,573348,9/11/2005,12/31/2099,NA
1736994,abacavir 300 MG Oral Tablet,Drug,RxNorm,Clinical Drug,S,242679,1/1/1970,12/31/2099,NA
19047810,abacavir 300 MG Oral Tablet [Ziagen],Drug,RxNorm,Branded Drug,S,213460,1/1/1970,12/31/2099,NA
45775747,abacavir 600 MG / dolutegravir 50 MG / lamivudine 300 MG Oral Tablet,Drug,RxNorm,Clinical Drug,S,1546888,12/1/2014,12/31/2099,NA
45775751,abacavir 600 MG / dolutegravir 50 MG / lamivudine 300 MG Oral Tablet [Triumeq],Drug,RxNorm,Branded Drug,S,1546894,12/1/2014,12/31/2099,NA
19122307,abacavir 600 MG / lamivudine 300 MG [Epzicom],Drug,RxNorm,Branded Drug Comp,S,602394,2/26/2006,12/31/2099,NA
19122306,abacavir 600 MG / lamivudine 300 MG Oral Tablet,Drug,RxNorm,Clinical Drug,S,602393,2/26/2006,12/31/2099,NA
19122308,abacavir 600 MG / lamivudine 300 MG Oral Tablet [Epzicom],Drug,RxNorm,Branded Drug,S,602395,2/26/2006,12/31/2099,NA
1703687,acyclovir,Drug,RxNorm,Ingredient,S,281,1/1/1970,12/31/2099,NA
19117738,acyclovir 0.03 MG/MG [Zovirax],Drug,RxNorm,Branded Drug Comp,S,566108,9/11/2005,12/31/2099,NA
19093623,acyclovir 0.05 MG/MG,Drug,RxNorm,Clinical Drug Comp,S,340089,1/1/1970,12/31/2099,NA
19119303,acyclovir 0.05 MG/MG [Zovirax],Drug,RxNorm,Branded Drug Comp,S,570534,9/11/2005,12/31/2099,NA
1703742,acyclovir 0.05 MG/MG Topical Ointment,Drug,RxNorm,Clinical Drug,S,197312,1/1/1970,12/31/2099,NA
19042994,acyclovir 0.05 MG/MG Topical Ointment [Zovirax],Drug,RxNorm,Branded Drug,S,209977,1/1/1970,12/31/2099,NA
19086655,acyclovir 100 MG/ML,Drug,RxNorm,Clinical Drug Comp,S,330924,1/1/1970,12/31/2099,NA
37497783,acyclovir 1000 MG Injection,Drug,RxNorm,Clinical Drug,S,2263503,5/4/2020,12/31/2099,NA
19104584,acyclovir 2 MG/ML Injectable Solution,Drug,RxNorm,Clinical Drug,S,415660,1/1/1970,12/31/2099,NA
19080857,acyclovir 200 MG,Drug,RxNorm,Clinical Drug Comp,S,315280,1/1/1970,12/31/2099,NA
19117684,acyclovir 200 MG [Zovirax],Drug,RxNorm,Branded Drug Comp,S,566048,9/11/2005,12/31/2099,NA
19018786,acyclovir 200 MG Oral Capsule,Drug,RxNorm,Clinical Drug,S,197310,1/1/1970,12/31/2099,NA
1703749,acyclovir 200 MG Oral Capsule [Zovirax],Drug,RxNorm,Branded Drug,S,213694,1/1/1970,12/31/2099,NA
19061193,acyclovir 25 MG/ML Injectable Solution,Drug,RxNorm,Clinical Drug,S,248108,1/1/1970,12/31/2099,NA
19072293,acyclovir 40 MG/ML Oral Suspension,Drug,RxNorm,Clinical Drug,S,307730,1/1/1970,12/31/2099,NA
19025908,acyclovir 40 MG/ML Oral Suspension [Zovirax],Drug,RxNorm,Branded Drug,S,201903,1/1/1970,12/31/2099,NA
1703838,acyclovir 400 MG,Drug,RxNorm,Clinical Drug Comp,S,315281,1/1/1970,12/31/2099,NA
19117687,acyclovir 400 MG [Zovirax],Drug,RxNorm,Branded Drug Comp,S,566051,9/11/2005,12/31/2099,NA
1703691,acyclovir 400 MG Oral Tablet,Drug,RxNorm,Clinical Drug,S,197311,1/1/1970,12/31/2099,NA
19016373,acyclovir 400 MG Oral Tablet [Virovir],Drug,RxNorm,Branded Drug,S,152737,1/1/1970,12/31/2099,NA
19025910,acyclovir 400 MG Oral Tablet [Zovirax],Drug,RxNorm,Branded Drug,S,201905,1/1/1970,12/31/2099,NA
43526551,acyclovir 50 MG Buccal Tablet,Drug,RxNorm,Clinical Drug,S,1423662,6/3/2013,12/31/2099,NA
44816143,acyclovir 50 MG Buccal Tablet [Sitavig],Drug,RxNorm,Branded Drug,S,1493276,5/5/2014,12/31/2099,NA
40223219,acyclovir 50 MG/ML / hydrocortisone 10 MG/ML Topical Cream,Drug,RxNorm,Clinical Drug,S,998422,8/1/2010,12/31/2099,NA
40223220,acyclovir 50 MG/ML / hydrocortisone 10 MG/ML Topical Cream [Xerese],Drug,RxNorm,Branded Drug,S,998426,8/1/2010,12/31/2099,NA
1703836,acyclovir 50 MG/ML Injectable Solution,Drug,RxNorm,Clinical Drug,S,313812,1/1/1970,12/31/2099,NA
1703751,acyclovir 50 MG/ML Injectable Solution [Zovirax],Drug,RxNorm,Branded Drug,S,213721,1/1/1970,12/31/2099,NA
35606522,acyclovir 50 MG/ML Injection,Drug,RxNorm,Clinical Drug,S,1734933,5/2/2016,12/31/2099,NA
1703689,acyclovir 50 MG/ML Topical Cream,Drug,RxNorm,Clinical Drug,S,141859,1/1/1970,12/31/2099,NA
1703869,acyclovir 50 MG/ML Topical Cream [Zovirax],Drug,RxNorm,Branded Drug,S,825321,11/30/2008,12/31/2099,NA
37497785,acyclovir 500 MG Injection,Drug,RxNorm,Clinical Drug,S,2263505,5/4/2020,12/31/2099,NA
1703839,acyclovir 800 MG,Drug,RxNorm,Clinical Drug Comp,S,315282,1/1/1970,12/31/2099,NA
19023078,acyclovir 800 MG [Zovirax],Drug,RxNorm,Branded Drug Comp,S,573569,9/11/2005,12/31/2099,NA
1703743,acyclovir 800 MG Oral Tablet,Drug,RxNorm,Clinical Drug,S,197313,1/1/1970,12/31/2099,NA
19016374,acyclovir 800 MG Oral Tablet [Virovir],Drug,RxNorm,Branded Drug,S,152738,1/1/1970,12/31/2099,NA
19047999,acyclovir 800 MG Oral Tablet [Zovirax],Drug,RxNorm,Branded Drug,S,213706,1/1/1970,12/31/2099,NA
35606520,acyclovir Injection,Drug,RxNorm,Clinical Drug Form,S,1734931,5/2/2016,12/31/2099,NA
40006510,acyclovir Oral Capsule,Drug,RxNorm,Clinical Drug Form,S,370536,1/1/1970,12/31/2099,NA
40006515,acyclovir Oral Tablet,Drug,RxNorm,Clinical Drug Form,S,370537,1/1/1970,12/31/2099,NA
1729323,adefovir,Drug,RxNorm,Ingredient,S,16521,1/1/1970,12/31/2099,NA
40168220,adefovir dipivoxil 10 MG Oral Tablet,Drug,RxNorm,Clinical Drug,S,881341,12/6/2009,12/31/2099,NA
40168221,adefovir dipivoxil 10 MG Oral Tablet [Hepsera],Drug,RxNorm,Branded Drug,S,881343,12/6/2009,12/31/2099,NA
1789428,amprenavir,Drug,RxNorm,Ingredient,S,228656,1/1/1970,12/31/2099,NA
1789430,amprenavir 150 MG Oral Capsule,Drug,RxNorm,Clinical Drug,S,252618,1/1/1970,12/31/2099,NA
19068301,amprenavir 150 MG Oral Capsule [Agenerase],Drug,RxNorm,Branded Drug,S,261207,1/1/1970,12/31/2099,NA
1727223,atazanavir,Drug,RxNorm,Ingredient,S,343047,1/1/1970,12/31/2099,NA
19102220,atazanavir 100 MG Oral Capsule,Drug,RxNorm,Clinical Drug,S,402245,1/1/1970,12/31/2099,NA
19102203,atazanavir 100 MG Oral Capsule [Reyataz],Drug,RxNorm,Branded Drug,S,402095,1/1/1970,12/31/2099,NA
19102221,atazanavir 150 MG Oral Capsule,Drug,RxNorm,Clinical Drug,S,402246,1/1/1970,12/31/2099,NA
19102202,atazanavir 150 MG Oral Capsule [Reyataz],Drug,RxNorm,Branded Drug,S,402094,1/1/1970,12/31/2099,NA
19102222,atazanavir 200 MG Oral Capsule,Drug,RxNorm,Clinical Drug,S,402247,1/1/1970,12/31/2099,NA
19102201,atazanavir 200 MG Oral Capsule [Reyataz],Drug,RxNorm,Branded Drug,S,402093,1/1/1970,12/31/2099,NA
45892114,atazanavir 300 MG / cobicistat 150 MG Oral Tablet,Drug,RxNorm,Clinical Drug,S,1601654,3/2/2015,12/31/2099,NA
45892118,atazanavir 300 MG / cobicistat 150 MG Oral Tablet [Evotaz],Drug,RxNorm,Branded Drug,S,1601660,3/2/2015,12/31/2099,NA
1727254,atazanavir 300 MG Oral Capsule,Drug,RxNorm,Clinical Drug,S,664741,12/17/2006,12/31/2099,NA
1727255,atazanavir 300 MG Oral Capsule [Reyataz],Drug,RxNorm,Branded Drug,S,664743,12/17/2006,12/31/2099,NA
45892744,atazanavir 50 MG Oral Powder [Reyataz],Drug,RxNorm,Branded Drug,S,1598989,3/2/2015,12/31/2099,NA
35201105,baloxavir marboxil,Drug,RxNorm,Ingredient,S,2099995,12/3/2018,12/31/2099,NA
35201110,baloxavir marboxil 20 MG Oral Tablet,Drug,RxNorm,Clinical Drug,S,2100000,12/3/2018,12/31/2099,NA
35201115,baloxavir marboxil 20 MG Oral Tablet [Xofluza],Drug,RxNorm,Branded Drug,S,2100006,12/3/2018,12/31/2099,NA
35201117,baloxavir marboxil 40 MG Oral Tablet,Drug,RxNorm,Clinical Drug,S,2100008,12/3/2018,12/31/2099,NA
35201119,baloxavir marboxil 40 MG Oral Tablet [Xofluza],Drug,RxNorm,Branded Drug,S,2100010,12/3/2018,12/31/2099,NA
36026900,baloxavir marboxil 80 MG Oral Tablet [Xofluza],Drug,RxNorm,Branded Drug,S,2536742,5/3/2021,12/31/2099,NA
964008,bictegravir,Drug,RxNorm,Ingredient,S,1999660,4/2/2018,12/31/2099,NA
702171,bictegravir 30 MG / emtricitabine 120 MG / tenofovir alafenamide 15 MG Oral Tablet [Biktarvy],Drug,RxNorm,Branded Drug,S,2584356,1/3/2022,12/31/2099,NA
964015,bictegravir 50 MG / emtricitabine 200 MG / tenofovir alafenamide 25 MG Oral Tablet,Drug,RxNorm,Clinical Drug,S,1999667,4/2/2018,12/31/2099,NA
964021,bictegravir 50 MG / emtricitabine 200 MG / tenofovir alafenamide 25 MG Oral Tablet [Biktarvy],Drug,RxNorm,Branded Drug,S,1999673,4/2/2018,12/31/2099,NA
40238770,boceprevir,Drug,RxNorm,Ingredient,S,1102129,6/5/2011,12/31/2099,NA
40238779,boceprevir 200 MG Oral Capsule,Drug,RxNorm,Clinical Drug,S,1102132,6/5/2011,12/31/2099,NA
40238780,boceprevir 200 MG Oral Capsule [Victrelis],Drug,RxNorm,Branded Drug,S,1102136,6/5/2011,12/31/2099,NA
739588,cabotegravir,Drug,RxNorm,Ingredient,S,2475077,4/5/2021,12/31/2099,NA
739612,cabotegravir 30 MG Oral Tablet,Drug,RxNorm,Clinical Drug,S,2475199,4/5/2021,12/31/2099,NA
739618,cabotegravir 30 MG Oral Tablet [Vocabria],Drug,RxNorm,Branded Drug,S,2475205,4/5/2021,12/31/2099,NA
1745072,cidofovir,Drug,RxNorm,Ingredient,S,83171,1/1/1970,12/31/2099,NA
35605433,cidofovir Injection,Drug,RxNorm,Clinical Drug Form,S,1731046,5/2/2016,12/31/2099,NA
42874220,cobicistat,Drug,RxNorm,Ingredient,S,1306284,9/4/2012,12/31/2099,NA
1560079,cobicistat 150 MG / darunavir 800 MG / emtricitabine 200 MG / tenofovir alafenamide 10 MG Oral Tablet,Drug,RxNorm,Clinical Drug,S,2049671,8/6/2018,12/31/2099,NA
1560085,cobicistat 150 MG / darunavir 800 MG / emtricitabine 200 MG / tenofovir alafenamide 10 MG Oral Tablet [Symtuza],Drug,RxNorm,Branded Drug,S,2049677,8/6/2018,12/31/2099,NA
45892974,cobicistat 150 MG / darunavir 800 MG Oral Tablet,Drug,RxNorm,Clinical Drug,S,1600704,3/2/2015,12/31/2099,NA
45892978,cobicistat 150 MG / darunavir 800 MG Oral Tablet [Prezcobix],Drug,RxNorm,Branded Drug,S,1600710,3/2/2015,12/31/2099,NA
35605552,cobicistat 150 MG / elvitegravir 150 MG / emtricitabine 200 MG / tenofovir alafenamide 10 MG Oral Tablet,Drug,RxNorm,Clinical Drug,S,1721613,5/2/2016,12/31/2099,NA
35605556,cobicistat 150 MG / elvitegravir 150 MG / emtricitabine 200 MG / tenofovir alafenamide 10 MG Oral Tablet [Genvoya],Drug,RxNorm,Branded Drug,S,1721619,5/2/2016,12/31/2099,NA
42874224,cobicistat 150 MG / elvitegravir 150 MG / emtricitabine 200 MG / tenofovir disoproxil fumarate 300 MG Oral Tablet,Drug,RxNorm,Clinical Drug,S,1306292,9/4/2012,12/31/2099,NA
42874225,cobicistat 150 MG / elvitegravir 150 MG / emtricitabine 200 MG / tenofovir disoproxil fumarate 300 MG Oral Tablet [Stribild],Drug,RxNorm,Branded Drug,S,1306298,9/4/2012,12/31/2099,NA
45774768,cobicistat 150 MG Oral Tablet,Drug,RxNorm,Clinical Drug,S,1551993,12/1/2014,12/31/2099,NA
45774772,cobicistat 150 MG Oral Tablet [Tybost],Drug,RxNorm,Branded Drug,S,1551999,12/1/2014,12/31/2099,NA
46221696,daclatasvir,Drug,RxNorm,Ingredient,S,1606218,5/4/2015,12/31/2099,NA
46275932,daclatasvir 30 MG Oral Tablet [Daklinza],Drug,RxNorm,Branded Drug,S,1660191,9/8/2015,12/31/2099,NA
46275934,daclatasvir 60 MG Oral Tablet,Drug,RxNorm,Clinical Drug,S,1660194,9/8/2015,12/31/2099,NA
46275936,daclatasvir 60 MG Oral Tablet [Daklinza],Drug,RxNorm,Branded Drug,S,1660196,9/8/2015,12/31/2099,NA
1756831,darunavir,Drug,RxNorm,Ingredient,S,460132,11/19/2006,12/31/2099,NA
42707831,darunavir 100 MG/ML Oral Suspension,Drug,RxNorm,Clinical Drug,S,1236628,5/7/2012,12/31/2099,NA
42707832,darunavir 100 MG/ML Oral Suspension [Prezista],Drug,RxNorm,Branded Drug,S,1236632,5/7/2012,12/31/2099,NA
40161651,darunavir 150 MG Oral Tablet,Drug,RxNorm,Clinical Drug,S,850455,7/5/2009,12/31/2099,NA
40161652,darunavir 150 MG Oral Tablet [Prezista],Drug,RxNorm,Branded Drug,S,850457,7/5/2009,12/31/2099,NA
19124376,darunavir 300 MG Oral Tablet,Drug,RxNorm,Clinical Drug,S,643074,8/27/2006,12/31/2099,NA
19124378,darunavir 300 MG Oral Tablet [Prezista],Drug,RxNorm,Branded Drug,S,643078,8/27/2006,12/31/2099,NA
1756839,darunavir 400 MG Oral Tablet,Drug,RxNorm,Clinical Drug,S,824338,11/30/2008,12/31/2099,NA
1756840,darunavir 400 MG Oral Tablet [Prezista],Drug,RxNorm,Branded Drug,S,824876,11/30/2008,12/31/2099,NA
19125237,darunavir 600 MG Oral Tablet,Drug,RxNorm,Clinical Drug,S,670026,12/17/2006,12/31/2099,NA
19129965,darunavir 600 MG Oral Tablet [Prezista],Drug,RxNorm,Branded Drug,S,794610,6/1/2008,12/31/2099,NA
42902282,darunavir 800 MG Oral Tablet,Drug,RxNorm,Clinical Drug,S,1359269,12/3/2012,12/31/2099,NA
42902283,darunavir 800 MG Oral Tablet [Prezista],Drug,RxNorm,Branded Drug,S,1359271,12/3/2012,12/31/2099,NA
45892558,dasabuvir,Drug,RxNorm,Ingredient,S,1597381,3/2/2015,12/31/2099,NA
45892561,dasabuvir 250 MG Oral Tablet,Drug,RxNorm,Clinical Drug,S,1597386,3/2/2015,12/31/2099,NA
1747157,delavirdine,Drug,RxNorm,Ingredient,S,83816,1/1/1970,12/31/2099,NA
40162287,delavirdine mesylate 100 MG Oral Tablet,Drug,RxNorm,Clinical Drug,S,856560,8/2/2009,12/31/2099,NA
40162288,delavirdine mesylate 100 MG Oral Tablet [Rescriptor],Drug,RxNorm,Branded Drug,S,856562,8/2/2009,12/31/2099,NA
40162291,delavirdine mesylate 200 MG Oral Tablet,Drug,RxNorm,Clinical Drug,S,856610,8/2/2009,12/31/2099,NA
40162292,delavirdine mesylate 200 MG Oral Tablet [Rescriptor],Drug,RxNorm,Branded Drug,S,856612,8/2/2009,12/31/2099,NA
1724869,didanosine,Drug,RxNorm,Ingredient,S,3364,1/1/1970,12/31/2099,NA
19036630,didanosine 0.847 MG/ML Oral Solution [Videx],Drug,RxNorm,Branded Drug,S,207841,1/1/1970,12/31/2099,NA
19065536,didanosine 10 MG/ML Oral Solution,Drug,RxNorm,Clinical Drug,S,252995,1/1/1970,12/31/2099,NA
19113858,didanosine 10 MG/ML Oral Solution [Videx],Drug,RxNorm,Branded Drug,S,542059,9/11/2005,12/31/2099,NA
19076442,didanosine 100 MG Chewable Tablet,Drug,RxNorm,Clinical Drug,S,309866,1/1/1970,12/31/2099,NA
19010081,didanosine 100 MG Chewable Tablet [Videx],Drug,RxNorm,Branded Drug,S,108287,1/1/1970,12/31/2099,NA
1724918,didanosine 125 MG Delayed Release Oral Capsule,Drug,RxNorm,Clinical Drug,S,284183,1/1/1970,12/31/2099,NA
1724921,didanosine 125 MG Delayed Release Oral Capsule [Videx],Drug,RxNorm,Branded Drug,S,284498,1/1/1970,12/31/2099,NA
19076447,didanosine 2.5 MG/ML Oral Solution,Drug,RxNorm,Clinical Drug,S,309871,1/1/1970,12/31/2099,NA
19036706,didanosine 2.5 MG/ML Oral Solution [Videx],Drug,RxNorm,Branded Drug,S,207870,1/1/1970,12/31/2099,NA
1724917,didanosine 200 MG Chewable Tablet [Videx],Drug,RxNorm,Branded Drug,S,261322,1/1/1970,12/31/2099,NA
1724920,didanosine 200 MG Delayed Release Oral Capsule,Drug,RxNorm,Clinical Drug,S,284185,1/1/1970,12/31/2099,NA
1724942,didanosine 200 MG Delayed Release Oral Capsule [Videx EC],Drug,RxNorm,Branded Drug,S,284499,1/1/1970,12/31/2099,NA
1724919,didanosine 250 MG Delayed Release Oral Capsule,Drug,RxNorm,Clinical Drug,S,284184,1/1/1970,12/31/2099,NA
19071717,didanosine 250 MG Delayed Release Oral Capsule [Videx EC],Drug,RxNorm,Branded Drug,S,285027,1/1/1970,12/31/2099,NA
1724944,didanosine 400 MG Delayed Release Oral Capsule,Drug,RxNorm,Clinical Drug,S,284988,1/1/1970,12/31/2099,NA
19123440,didanosine 400 MG Delayed Release Oral Capsule [Viden],Drug,RxNorm,Branded Drug,S,616428,4/2/2006,12/31/2099,NA
19071479,didanosine 400 MG Delayed Release Oral Capsule [Videx EC],Drug,RxNorm,Branded Drug,S,284500,1/1/1970,12/31/2099,NA
43560385,dolutegravir,Drug,RxNorm,Ingredient,S,1433868,9/3/2013,12/31/2099,NA
36249782,dolutegravir 10 MG Oral Tablet,Drug,RxNorm,Clinical Drug,S,1796077,8/1/2016,12/31/2099,NA
36249784,dolutegravir 10 MG Oral Tablet [Tivicay],Drug,RxNorm,Branded Drug,S,1796079,8/1/2016,12/31/2099,NA
36249786,dolutegravir 25 MG Oral Tablet,Drug,RxNorm,Clinical Drug,S,1796081,8/1/2016,12/31/2099,NA
36249788,dolutegravir 25 MG Oral Tablet [Tivicay],Drug,RxNorm,Branded Drug,S,1796083,8/1/2016,12/31/2099,NA
1511085,dolutegravir 50 MG / lamivudine 300 MG Oral Tablet,Drug,RxNorm,Clinical Drug,S,2122519,5/6/2019,12/31/2099,NA
1511091,dolutegravir 50 MG / lamivudine 300 MG Oral Tablet [Dovato],Drug,RxNorm,Branded Drug,S,2122526,5/6/2019,12/31/2099,NA
793028,dolutegravir 50 MG / rilpivirine 25 MG Oral Tablet,Drug,RxNorm,Clinical Drug,S,1989500,2/5/2018,12/31/2099,NA
793034,dolutegravir 50 MG / rilpivirine 25 MG Oral Tablet [Juluca],Drug,RxNorm,Branded Drug,S,1989506,2/5/2018,12/31/2099,NA
43560387,dolutegravir 50 MG Oral Tablet,Drug,RxNorm,Clinical Drug,S,1433873,9/3/2013,12/31/2099,NA
43560388,dolutegravir 50 MG Oral Tablet [Tivicay],Drug,RxNorm,Branded Drug,S,1433879,9/3/2013,12/31/2099,NA
35200446,doravirine,Drug,RxNorm,Ingredient,S,2055755,12/3/2018,12/31/2099,NA
35200466,doravirine 100 MG / lamivudine 300 MG / tenofovir disoproxil fumarate 300 MG Oral Tablet,Drug,RxNorm,Clinical Drug,S,2055813,12/3/2018,12/31/2099,NA
35200468,doravirine 100 MG / lamivudine 300 MG / tenofovir disoproxil fumarate 300 MG Oral Tablet [Delstrigo],Drug,RxNorm,Branded Drug,S,2055815,12/3/2018,12/31/2099,NA
35200451,doravirine 100 MG Oral Tablet,Drug,RxNorm,Clinical Drug,S,2055760,12/3/2018,12/31/2099,NA
35200457,doravirine 100 MG Oral Tablet [Pifeltro],Drug,RxNorm,Branded Drug,S,2055766,12/3/2018,12/31/2099,NA
1738135,efavirenz,Drug,RxNorm,Ingredient,S,195085,1/1/1970,12/31/2099,NA
19028908,efavirenz 100 MG Oral Capsule,Drug,RxNorm,Clinical Drug,S,205291,1/1/1970,12/31/2099,NA
1738140,efavirenz 100 MG Oral Capsule [Sustiva],Drug,RxNorm,Branded Drug,S,213391,1/1/1970,12/31/2099,NA
19028907,efavirenz 200 MG Oral Capsule,Drug,RxNorm,Clinical Drug,S,205290,1/1/1970,12/31/2099,NA
19047768,efavirenz 200 MG Oral Capsule [Sustiva],Drug,RxNorm,Branded Drug,S,213390,1/1/1970,12/31/2099,NA
40236068,efavirenz 200 MG Oral Tablet,Drug,RxNorm,Clinical Drug,S,1088481,3/6/2011,12/31/2099,NA
964218,efavirenz 400 MG / lamivudine 300 MG / tenofovir disoproxil fumarate 300 MG Oral Tablet,Drug,RxNorm,Clinical Drug,S,2001424,4/2/2018,12/31/2099,NA
1738141,efavirenz 50 MG Oral Capsule [Sustiva],Drug,RxNorm,Branded Drug,S,213392,1/1/1970,12/31/2099,NA
19097780,efavirenz 600 MG,Drug,RxNorm,Clinical Drug Comp,S,350652,1/1/1970,12/31/2099,NA
19124372,efavirenz 600 MG / emtricitabine 200 MG / tenofovir disoproxil fumarate 300 MG Oral Tablet,Drug,RxNorm,Clinical Drug,S,643066,8/27/2006,12/31/2099,NA
19124374,efavirenz 600 MG / emtricitabine 200 MG / tenofovir disoproxil fumarate 300 MG Oral Tablet [Atripla],Drug,RxNorm,Branded Drug,S,643070,8/27/2006,12/31/2099,NA
19038143,efavirenz 600 MG [Sustiva],Drug,RxNorm,Branded Drug Comp,S,575878,9/11/2005,12/31/2099,NA
1738165,efavirenz 600 MG Oral Tablet,Drug,RxNorm,Clinical Drug,S,349477,1/1/1970,12/31/2099,NA
1738167,efavirenz 600 MG Oral Tablet [Sustiva],Drug,RxNorm,Branded Drug,S,352143,1/1/1970,12/31/2099,NA
35606465,elbasvir,Drug,RxNorm,Ingredient,S,1734628,5/2/2016,12/31/2099,NA
35606470,elbasvir 50 MG / grazoprevir 100 MG Oral Tablet,Drug,RxNorm,Clinical Drug,S,1734636,5/2/2016,12/31/2099,NA
35606474,elbasvir 50 MG / grazoprevir 100 MG Oral Tablet [Zepatier],Drug,RxNorm,Branded Drug,S,1734642,5/2/2016,12/31/2099,NA
42874212,elvitegravir,Drug,RxNorm,Ingredient,S,1306286,9/4/2012,12/31/2099,NA
45774788,elvitegravir 150 MG Oral Tablet [Vitekta],Drug,RxNorm,Branded Drug,S,1552035,12/1/2014,12/31/2099,NA
1703069,emtricitabine,Drug,RxNorm,Ingredient,S,276237,1/1/1970,12/31/2099,NA
1703096,emtricitabine 10 MG/ML Oral Solution,Drug,RxNorm,Clinical Drug,S,597291,1/15/2006,12/31/2099,NA
1703097,emtricitabine 10 MG/ML Oral Solution [Emtriva],Drug,RxNorm,Branded Drug,S,616148,4/2/2006,12/31/2099,NA
35606581,emtricitabine 100 MG / tenofovir disoproxil fumarate 150 MG Oral Tablet,Drug,RxNorm,Clinical Drug,S,1744001,5/2/2016,12/31/2099,NA
35606583,emtricitabine 100 MG / tenofovir disoproxil fumarate 150 MG Oral Tablet [Truvada],Drug,RxNorm,Branded Drug,S,1744003,5/2/2016,12/31/2099,NA
35606585,emtricitabine 133 MG / tenofovir disoproxil fumarate 200 MG Oral Tablet,Drug,RxNorm,Clinical Drug,S,1744005,5/2/2016,12/31/2099,NA
35606587,emtricitabine 133 MG / tenofovir disoproxil fumarate 200 MG Oral Tablet [Truvada],Drug,RxNorm,Branded Drug,S,1744007,5/2/2016,12/31/2099,NA
35606589,emtricitabine 167 MG / tenofovir disoproxil fumarate 250 MG Oral Tablet,Drug,RxNorm,Clinical Drug,S,1744009,5/2/2016,12/31/2099,NA
35606591,emtricitabine 167 MG / tenofovir disoproxil fumarate 250 MG Oral Tablet [Truvada],Drug,RxNorm,Branded Drug,S,1744011,5/2/2016,12/31/2099,NA
35605921,emtricitabine 200 MG / rilpivirine 25 MG / tenofovir alafenamide 25 MG Oral Tablet,Drug,RxNorm,Clinical Drug,S,1741733,5/2/2016,12/31/2099,NA
35605925,emtricitabine 200 MG / rilpivirine 25 MG / tenofovir alafenamide 25 MG Oral Tablet [Odefsey],Drug,RxNorm,Branded Drug,S,1741739,5/2/2016,12/31/2099,NA
40241982,emtricitabine 200 MG / rilpivirine 25 MG / tenofovir disoproxil fumarate 300 MG Oral Tablet,Drug,RxNorm,Clinical Drug,S,1147334,9/4/2011,12/31/2099,NA
40241983,emtricitabine 200 MG / rilpivirine 25 MG / tenofovir disoproxil fumarate 300 MG Oral Tablet [Complera],Drug,RxNorm,Branded Drug,S,1147337,9/4/2011,12/31/2099,NA
35604225,emtricitabine 200 MG / tenofovir alafenamide 25 MG Oral Tablet,Drug,RxNorm,Clinical Drug,S,1747691,5/2/2016,12/31/2099,NA
35604229,emtricitabine 200 MG / tenofovir alafenamide 25 MG Oral Tablet [Descovy],Drug,RxNorm,Branded Drug,S,1747697,5/2/2016,12/31/2099,NA
1703093,emtricitabine 200 MG / tenofovir disoproxil fumarate 300 MG Oral Tablet,Drug,RxNorm,Clinical Drug,S,476556,1/1/1970,12/31/2099,NA
1710316,emtricitabine 200 MG / tenofovir disoproxil fumarate 300 MG Oral Tablet [Truvada],Drug,RxNorm,Branded Drug,S,639888,7/30/2006,12/31/2099,NA
19102500,emtricitabine 200 MG Oral Capsule,Drug,RxNorm,Clinical Drug,S,403875,1/1/1970,12/31/2099,NA
19102831,emtricitabine 200 MG Oral Capsule [Emtriva],Drug,RxNorm,Branded Drug,S,404587,1/1/1970,12/31/2099,NA
1717002,enfuvirtide,Drug,RxNorm,Ingredient,S,139896,1/1/1970,12/31/2099,NA
19102177,enfuvirtide 90 MG Injection,Drug,RxNorm,Clinical Drug,S,401981,1/1/1970,12/31/2099,NA
19102768,enfuvirtide 90 MG Injection [Fuzeon],Drug,RxNorm,Branded Drug,S,404460,1/1/1970,12/31/2099,NA
1711246,entecavir,Drug,RxNorm,Ingredient,S,306266,7/24/2005,12/31/2099,NA
1711272,entecavir 0.05 MG/ML Oral Solution,Drug,RxNorm,Clinical Drug,S,485536,1/1/1970,12/31/2099,NA
19123212,entecavir 0.05 MG/ML Oral Solution [Baraclude],Drug,RxNorm,Branded Drug,S,607579,2/26/2006,12/31/2099,NA
1711248,entecavir 0.5 MG Oral Tablet,Drug,RxNorm,Clinical Drug,S,485434,1/1/1970,12/31/2099,NA
1711273,entecavir 0.5 MG Oral Tablet [Baraclude],Drug,RxNorm,Branded Drug,S,578457,11/13/2005,12/31/2099,NA
1711250,entecavir 1 MG Oral Tablet,Drug,RxNorm,Clinical Drug,S,485436,1/1/1970,12/31/2099,NA
1711274,entecavir 1 MG Oral Tablet [Baraclude],Drug,RxNorm,Branded Drug,S,578459,11/13/2005,12/31/2099,NA
1758536,etravirine,Drug,RxNorm,Ingredient,S,475969,3/2/2008,12/31/2099,NA
1758538,etravirine 100 MG Oral Tablet,Drug,RxNorm,Clinical Drug,S,754761,3/2/2008,12/31/2099,NA
1758539,etravirine 100 MG Oral Tablet [Intelence],Drug,RxNorm,Branded Drug,S,758555,3/2/2008,12/31/2099,NA
40234301,etravirine 200 MG Oral Tablet,Drug,RxNorm,Clinical Drug,S,1052658,2/6/2011,12/31/2099,NA
40234302,etravirine 200 MG Oral Tablet [Intelence],Drug,RxNorm,Branded Drug,S,1052660,2/6/2011,12/31/2099,NA
1703603,famciclovir,Drug,RxNorm,Ingredient,S,68099,1/1/1970,12/31/2099,NA
19021752,famciclovir 125 MG [Famvir],Drug,RxNorm,Branded Drug Comp,S,564626,9/11/2005,12/31/2099,NA
1703607,famciclovir 125 MG Oral Tablet,Drug,RxNorm,Clinical Drug,S,199192,1/1/1970,12/31/2099,NA
19010603,famciclovir 125 MG Oral Tablet [Famvir],Drug,RxNorm,Branded Drug,S,108852,1/1/1970,12/31/2099,NA
1703632,famciclovir 250 MG,Drug,RxNorm,Clinical Drug Comp,S,315917,1/1/1970,12/31/2099,NA
19021753,famciclovir 250 MG [Famvir],Drug,RxNorm,Branded Drug Comp,S,565744,9/11/2005,12/31/2099,NA
1703608,famciclovir 250 MG Oral Tablet,Drug,RxNorm,Clinical Drug,S,199193,1/1/1970,12/31/2099,NA
19024815,famciclovir 250 MG Oral Tablet [Famvir],Drug,RxNorm,Branded Drug,S,201219,1/1/1970,12/31/2099,NA
19021754,famciclovir 500 MG [Famvir],Drug,RxNorm,Branded Drug Comp,S,567658,9/11/2005,12/31/2099,NA
1703606,famciclovir 500 MG Oral Tablet,Drug,RxNorm,Clinical Drug,S,198382,1/1/1970,12/31/2099,NA
19033656,famciclovir 500 MG Oral Tablet [Famvir],Drug,RxNorm,Branded Drug,S,206853,1/1/1970,12/31/2099,NA
1736829,fosamprenavir,Drug,RxNorm,Ingredient,S,358262,1/1/1970,12/31/2099,NA
1736925,fosamprenavir 50 MG/ML Oral Suspension [Lexiva],Drug,RxNorm,Branded Drug,S,723827,7/29/2007,12/31/2099,NA
19102211,fosamprenavir 700 MG Oral Tablet,Drug,RxNorm,Clinical Drug,S,402109,1/1/1970,12/31/2099,NA
19102212,fosamprenavir 700 MG Oral Tablet [Lexiva],Drug,RxNorm,Branded Drug,S,402110,1/1/1970,12/31/2099,NA
1724700,foscarnet,Drug,RxNorm,Ingredient,S,33562,1/1/1970,12/31/2099,NA
35606300,foscarnet Injection,Drug,RxNorm,Clinical Drug Form,S,1734376,5/2/2016,12/31/2099,NA
35606303,foscarnet sodium 24 MG/ML Injection,Drug,RxNorm,Clinical Drug,S,1734380,5/2/2016,12/31/2099,NA
35606304,foscarnet sodium 24 MG/ML Injection [Foscavir],Drug,RxNorm,Branded Drug,S,1734381,5/2/2016,12/31/2099,NA
1757803,ganciclovir,Drug,RxNorm,Ingredient,S,4678,1/1/1970,12/31/2099,NA
19101620,ganciclovir 0.0015 MG/MG Ophthalmic Gel,Drug,RxNorm,Clinical Drug,S,388052,1/1/1970,12/31/2099,NA
40166672,ganciclovir 0.0015 MG/MG Ophthalmic Gel [Zirgan],Drug,RxNorm,Branded Drug,S,864650,10/4/2009,12/31/2099,NA
19080001,ganciclovir 250 MG Oral Capsule,Drug,RxNorm,Clinical Drug,S,314007,1/1/1970,12/31/2099,NA
19030092,ganciclovir 250 MG Oral Capsule [Cytovene],Drug,RxNorm,Branded Drug,S,205744,1/1/1970,12/31/2099,NA
19122729,ganciclovir 4.5 MG Drug Implant,Drug,RxNorm,Clinical Drug,S,604020,2/26/2006,12/31/2099,NA
44110175,Ganciclovir 500 MG Injectable Suspension,Drug,RxNorm Extension,Clinical Drug,S,OMOP1104806,8/24/2017,12/31/2099,NA
19077574,ganciclovir 500 MG Injection,Drug,RxNorm,Clinical Drug,S,310442,1/1/1970,12/31/2099,NA
19030091,ganciclovir 500 MG Injection [Cytovene],Drug,RxNorm,Branded Drug,S,205743,1/1/1970,12/31/2099,NA
19023333,ganciclovir 500 MG Oral Capsule,Drug,RxNorm,Clinical Drug,S,200206,1/1/1970,12/31/2099,NA
19047616,ganciclovir 500 MG Oral Capsule [Cytovene],Drug,RxNorm,Branded Drug,S,213202,1/1/1970,12/31/2099,NA
35605861,ganciclovir Injection,Drug,RxNorm,Clinical Drug Form,S,1732140,5/2/2016,12/31/2099,NA
793843,glecaprevir,Drug,RxNorm,Ingredient,S,1940635,2/5/2018,12/31/2099,NA
793863,glecaprevir 100 MG / pibrentasvir 40 MG Oral Tablet,Drug,RxNorm,Clinical Drug,S,1940703,2/5/2018,12/31/2099,NA
793869,glecaprevir 100 MG / pibrentasvir 40 MG Oral Tablet [Mavyret],Drug,RxNorm,Branded Drug,S,1940709,2/5/2018,12/31/2099,NA
1537163,glecaprevir 50 MG / pibrentasvir 20 MG Oral Pellet [Mavyret],Drug,RxNorm,Branded Drug,S,2557910,8/2/2021,12/31/2099,NA
35606467,grazoprevir,Drug,RxNorm,Ingredient,S,1734630,5/2/2016,12/31/2099,NA
1711523,indinavir,Drug,RxNorm,Ingredient,S,114289,1/1/1970,12/31/2099,NA
19078496,indinavir 200 MG Oral Capsule,Drug,RxNorm,Clinical Drug,S,310986,1/1/1970,12/31/2099,NA
1711524,indinavir 200 MG Oral Capsule [Crixivan],Drug,RxNorm,Branded Drug,S,153127,1/1/1970,12/31/2099,NA
19047371,indinavir 400 MG [Crixivan],Drug,RxNorm,Branded Drug Comp,S,565179,9/11/2005,12/31/2099,NA
19078498,indinavir 400 MG Oral Capsule,Drug,RxNorm,Clinical Drug,S,310988,1/1/1970,12/31/2099,NA
1711525,indinavir 400 MG Oral Capsule [Crixivan],Drug,RxNorm,Branded Drug,S,153128,1/1/1970,12/31/2099,NA
1704183,lamivudine,Drug,RxNorm,Ingredient,S,68244,1/1/1970,12/31/2099,NA
1704187,lamivudine 10 MG/ML Oral Solution,Drug,RxNorm,Clinical Drug,S,199148,1/1/1970,12/31/2099,NA
1704185,lamivudine 10 MG/ML Oral Solution [Epivir],Drug,RxNorm,Branded Drug,S,152932,1/1/1970,12/31/2099,NA
19029028,lamivudine 100 MG Oral Tablet,Drug,RxNorm,Clinical Drug,S,205328,1/1/1970,12/31/2099,NA
1704190,lamivudine 100 MG Oral Tablet [Epivir HBV],Drug,RxNorm,Branded Drug,S,213483,1/1/1970,12/31/2099,NA
1704214,lamivudine 150 MG,Drug,RxNorm,Clinical Drug Comp,S,316127,1/1/1970,12/31/2099,NA
19120186,lamivudine 150 MG / zidovudine 300 MG [Combivir],Drug,RxNorm,Branded Drug Comp,S,573017,9/11/2005,12/31/2099,NA
19022896,lamivudine 150 MG / zidovudine 300 MG Oral Tablet,Drug,RxNorm,Clinical Drug,S,200082,1/1/1970,12/31/2099,NA
19047527,lamivudine 150 MG / zidovudine 300 MG Oral Tablet [Combivir],Drug,RxNorm,Branded Drug,S,213088,1/1/1970,12/31/2099,NA
19038760,lamivudine 150 MG [Epivir],Drug,RxNorm,Branded Drug Comp,S,565111,9/11/2005,12/31/2099,NA
1704186,lamivudine 150 MG Oral Tablet,Drug,RxNorm,Clinical Drug,S,199147,1/1/1970,12/31/2099,NA
1704184,lamivudine 150 MG Oral Tablet [Epivir],Drug,RxNorm,Branded Drug,S,152931,1/1/1970,12/31/2099,NA
42543872,lamivudine 300 MG / tenofovir disoproxil fumarate 300 MG Oral Tablet,Drug,RxNorm,Clinical Drug,S,2003249,5/7/2018,12/31/2099,NA
42543878,lamivudine 300 MG / tenofovir disoproxil fumarate 300 MG Oral Tablet [Cimduo],Drug,RxNorm,Branded Drug,S,2003255,5/7/2018,12/31/2099,NA
1704217,lamivudine 300 MG Oral Tablet,Drug,RxNorm,Clinical Drug,S,349491,1/1/1970,12/31/2099,NA
19098455,lamivudine 300 MG Oral Tablet [Epivir],Drug,RxNorm,Branded Drug,S,352230,1/1/1970,12/31/2099,NA
1704212,lamivudine 5 MG/ML Oral Solution,Drug,RxNorm,Clinical Drug,S,242692,1/1/1970,12/31/2099,NA
1704191,lamivudine 5 MG/ML Oral Solution [Epivir HBV],Drug,RxNorm,Branded Drug,S,213484,1/1/1970,12/31/2099,NA
45775020,ledipasvir,Drug,RxNorm,Ingredient,S,1591922,12/1/2014,12/31/2099,NA
45775027,ledipasvir 90 MG / sofosbuvir 400 MG Oral Tablet,Drug,RxNorm,Clinical Drug,S,1591943,12/1/2014,12/31/2099,NA
45775164,ledipasvir 90 MG / sofosbuvir 400 MG Oral Tablet [Harvoni],Drug,RxNorm,Branded Drug,S,1591949,12/1/2014,12/31/2099,NA
792929,letermovir,Drug,RxNorm,Ingredient,S,1988648,2/5/2018,12/31/2099,NA
792947,letermovir 240 MG Oral Tablet,Drug,RxNorm,Clinical Drug,S,1988666,2/5/2018,12/31/2099,NA
792952,letermovir 240 MG Oral Tablet [Prevymis],Drug,RxNorm,Branded Drug,S,1988671,2/5/2018,12/31/2099,NA
792954,letermovir 480 MG Oral Tablet,Drug,RxNorm,Clinical Drug,S,1988673,2/5/2018,12/31/2099,NA
792956,letermovir 480 MG Oral Tablet [Prevymis],Drug,RxNorm,Branded Drug,S,1988675,2/5/2018,12/31/2099,NA
1738170,lopinavir,Drug,RxNorm,Ingredient,S,195088,1/1/1970,12/31/2099,NA
1748985,lopinavir 100 MG / ritonavir 25 MG Oral Tablet,Drug,RxNorm,Clinical Drug,S,746645,12/30/2007,12/31/2099,NA
1748987,lopinavir 100 MG / ritonavir 25 MG Oral Tablet [Kaletra],Drug,RxNorm,Branded Drug,S,847745,5/3/2009,12/31/2099,NA
1748955,lopinavir 133 MG / ritonavir 33.3 MG Oral Capsule,Drug,RxNorm,Clinical Drug,S,311368,1/1/1970,12/31/2099,NA
1748989,lopinavir 133 MG / ritonavir 33.3 MG Oral Capsule [Kaletra],Drug,RxNorm,Branded Drug,S,847753,5/3/2009,12/31/2099,NA
19048071,lopinavir 200 MG / ritonavir 50 MG [Kaletra],Drug,RxNorm,Branded Drug Comp,S,847739,5/3/2009,12/31/2099,NA
19122186,lopinavir 200 MG / ritonavir 50 MG Oral Tablet,Drug,RxNorm,Clinical Drug,S,597730,1/15/2006,12/31/2099,NA
1748986,lopinavir 200 MG / ritonavir 50 MG Oral Tablet [Kaletra],Drug,RxNorm,Branded Drug,S,847741,5/3/2009,12/31/2099,NA
1748956,lopinavir 80 MG/ML / ritonavir 20 MG/ML Oral Solution,Drug,RxNorm,Clinical Drug,S,311369,1/1/1970,12/31/2099,NA
1748988,lopinavir 80 MG/ML / ritonavir 20 MG/ML Oral Solution [Kaletra],Drug,RxNorm,Branded Drug,S,847749,5/3/2009,12/31/2099,NA
1787101,maraviroc,Drug,RxNorm,Ingredient,S,620216,9/30/2007,12/31/2099,NA
1787123,maraviroc 150 MG Oral Tablet,Drug,RxNorm,Clinical Drug,S,728223,9/30/2007,12/31/2099,NA
19127303,maraviroc 150 MG Oral Tablet [Selzentry],Drug,RxNorm,Branded Drug,S,729201,9/30/2007,12/31/2099,NA
1718479,maraviroc 25 MG Oral Tablet [Selzentry],Drug,RxNorm,Branded Drug,S,1857913,1/3/2017,12/31/2099,NA
1787125,maraviroc 300 MG Oral Tablet,Drug,RxNorm,Clinical Drug,S,728225,9/30/2007,12/31/2099,NA
19127305,maraviroc 300 MG Oral Tablet [Selzentry],Drug,RxNorm,Branded Drug,S,729203,9/30/2007,12/31/2099,NA
1715472,nelfinavir,Drug,RxNorm,Ingredient,S,134527,1/1/1970,12/31/2099,NA
1715476,nelfinavir 0.05 MG/MG Oral Powder,Drug,RxNorm,Clinical Drug,S,311925,1/1/1970,12/31/2099,NA
40165043,nelfinavir 0.05 MG/MG Oral Powder [Viracept],Drug,RxNorm,Branded Drug,S,861032,9/6/2009,12/31/2099,NA
1715475,nelfinavir 250 MG Oral Tablet,Drug,RxNorm,Clinical Drug,S,311924,1/1/1970,12/31/2099,NA
1715473,nelfinavir 250 MG Oral Tablet [Viracept],Drug,RxNorm,Branded Drug,S,212118,1/1/1970,12/31/2099,NA
19102557,nelfinavir 625 MG Oral Tablet,Drug,RxNorm,Clinical Drug,S,403978,1/1/1970,12/31/2099,NA
19113977,nelfinavir 625 MG Oral Tablet [Viracept],Drug,RxNorm,Branded Drug,S,542370,9/11/2005,12/31/2099,NA
1769389,nevirapine,Drug,RxNorm,Ingredient,S,53654,1/1/1970,12/31/2099,NA
1769413,nevirapine 10 MG/ML Oral Suspension,Drug,RxNorm,Clinical Drug,S,311943,1/1/1970,12/31/2099,NA
1769390,nevirapine 200 MG Oral Tablet,Drug,RxNorm,Clinical Drug,S,199422,1/1/1970,12/31/2099,NA
1769391,nevirapine 200 MG Oral Tablet [Viramune],Drug,RxNorm,Branded Drug,S,211327,1/1/1970,12/31/2099,NA
45892552,ombitasvir,Drug,RxNorm,Ingredient,S,1597371,3/2/2015,12/31/2099,NA
1799139,oseltamivir,Drug,RxNorm,Ingredient,S,260101,1/1/1970,12/31/2099,NA
1799152,oseltamivir 12 MG/ML Oral Suspension,Drug,RxNorm,Clinical Drug,S,314157,1/1/1970,12/31/2099,NA
1799155,oseltamivir 12 MG/ML Oral Suspension [Tamiflu],Drug,RxNorm,Branded Drug,S,581626,11/13/2005,12/31/2099,NA
19127259,oseltamivir 30 MG Oral Capsule,Drug,RxNorm,Clinical Drug,S,728109,9/30/2007,12/31/2099,NA
1799158,oseltamivir 30 MG Oral Capsule [Tamiflu],Drug,RxNorm,Branded Drug,S,728111,9/30/2007,12/31/2099,NA
1799160,oseltamivir 45 MG Oral Capsule,Drug,RxNorm,Clinical Drug,S,728113,9/30/2007,12/31/2099,NA
1799161,oseltamivir 45 MG Oral Capsule [Tamiflu],Drug,RxNorm,Branded Drug,S,728115,9/30/2007,12/31/2099,NA
40241046,oseltamivir 6 MG/ML Oral Suspension,Drug,RxNorm,Clinical Drug,S,1115698,7/31/2011,12/31/2099,NA
40241047,oseltamivir 6 MG/ML Oral Suspension [Tamiflu],Drug,RxNorm,Branded Drug,S,1115700,7/31/2011,12/31/2099,NA
19085102,oseltamivir 75 MG,Drug,RxNorm,Clinical Drug Comp,S,330391,1/1/1970,12/31/2099,NA
19099769,oseltamivir 75 MG [Tamiflu],Drug,RxNorm,Branded Drug Comp,S,574537,9/11/2005,12/31/2099,NA
1799141,oseltamivir 75 MG Oral Capsule,Drug,RxNorm,Clinical Drug,S,312122,1/1/1970,12/31/2099,NA
1799140,oseltamivir 75 MG Oral Capsule [Tamiflu],Drug,RxNorm,Branded Drug,S,261315,1/1/1970,12/31/2099,NA
45892554,paritaprevir,Drug,RxNorm,Ingredient,S,1597373,3/2/2015,12/31/2099,NA
981654,penciclovir,Drug,RxNorm,Ingredient,S,59839,1/1/1970,12/31/2099,NA
981656,penciclovir 10 MG/ML Topical Cream,Drug,RxNorm,Clinical Drug,S,312255,1/1/1970,12/31/2099,NA
981655,penciclovir 10 MG/ML Topical Cream [Denavir],Drug,RxNorm,Branded Drug,S,211343,1/1/1970,12/31/2099,NA
793844,pibrentasvir,Drug,RxNorm,Ingredient,S,1940636,2/5/2018,12/31/2099,NA
1712889,raltegravir,Drug,RxNorm,Ingredient,S,719872,12/30/2007,12/31/2099,NA
42707686,raltegravir 100 MG Chewable Tablet,Drug,RxNorm,Clinical Drug,S,1235588,5/7/2012,12/31/2099,NA
42707687,raltegravir 100 MG Chewable Tablet [Isentress],Drug,RxNorm,Branded Drug,S,1235591,5/7/2012,12/31/2099,NA
44785498,raltegravir 100 MG Granules for Oral Suspension,Drug,RxNorm,Clinical Drug,S,1486838,2/3/2014,12/31/2099,NA
1712891,raltegravir 400 MG Oral Tablet,Drug,RxNorm,Clinical Drug,S,744842,12/30/2007,12/31/2099,NA
1712912,raltegravir 400 MG Oral Tablet [Isentress],Drug,RxNorm,Branded Drug,S,744846,12/30/2007,12/31/2099,NA
1592274,raltegravir 600 MG Oral Tablet,Drug,RxNorm,Clinical Drug,S,1924313,8/7/2017,12/31/2099,NA
1592276,raltegravir 600 MG Oral Tablet [Isentress],Drug,RxNorm,Branded Drug,S,1924315,8/7/2017,12/31/2099,NA
37499271,remdesivir,Drug,RxNorm,Ingredient,S,2284718,5/4/2020,12/31/2099,NA
37499275,remdesivir 100 MG Injection,Drug,RxNorm,Clinical Drug,S,2284960,5/4/2020,12/31/2099,NA
37002796,remdesivir 100 MG Injection [Veklury],Drug,RxNorm,Branded Drug,S,2395502,1/4/2021,12/31/2099,NA
1762711,ribavirin,Drug,RxNorm,Ingredient,S,9344,1/1/1970,12/31/2099,NA
1762736,ribavirin 20 MG/ML Inhalation Solution,Drug,RxNorm,Clinical Drug,S,312818,1/1/1970,12/31/2099,NA
19035444,ribavirin 20 MG/ML Inhalation Solution [Virazole],Drug,RxNorm,Branded Drug,S,207406,1/1/1970,12/31/2099,NA
1762737,ribavirin 200 MG,Drug,RxNorm,Clinical Drug Comp,S,332339,1/1/1970,12/31/2099,NA
1762735,ribavirin 200 MG Oral Capsule,Drug,RxNorm,Clinical Drug,S,312817,1/1/1970,12/31/2099,NA
19098309,ribavirin 200 MG Oral Capsule [Rebetol],Drug,RxNorm,Branded Drug,S,352007,1/1/1970,12/31/2099,NA
1762773,ribavirin 200 MG Oral Capsule [Ribasphere],Drug,RxNorm,Branded Drug,S,539485,9/11/2005,12/31/2099,NA
19061194,ribavirin 200 MG Oral Tablet,Drug,RxNorm,Clinical Drug,S,248109,1/1/1970,12/31/2099,NA
1762741,ribavirin 200 MG Oral Tablet [Copegus],Drug,RxNorm,Branded Drug,S,352337,1/1/1970,12/31/2099,NA
44785306,ribavirin 200 MG Oral Tablet [Moderiba],Drug,RxNorm,Branded Drug,S,1486200,2/3/2014,12/31/2099,NA
1762778,ribavirin 200 MG Oral Tablet [Ribasphere],Drug,RxNorm,Branded Drug,S,616129,4/2/2006,12/31/2099,NA
19114474,ribavirin 40 MG/ML Oral Solution [Rebetol],Drug,RxNorm,Branded Drug,S,544400,9/11/2005,12/31/2099,NA
1762775,ribavirin 400 MG Oral Tablet,Drug,RxNorm,Clinical Drug,S,597718,1/15/2006,12/31/2099,NA
44785308,ribavirin 400 MG Oral Tablet [Moderiba],Drug,RxNorm,Branded Drug,S,1486197,2/3/2014,12/31/2099,NA
1762779,ribavirin 400 MG Oral Tablet [Ribasphere],Drug,RxNorm,Branded Drug,S,616131,4/2/2006,12/31/2099,NA
1762776,ribavirin 600 MG,Drug,RxNorm,Clinical Drug Comp,S,597721,1/15/2006,12/31/2099,NA
1762777,ribavirin 600 MG Oral Tablet,Drug,RxNorm,Clinical Drug,S,597722,1/15/2006,12/31/2099,NA
44785310,ribavirin 600 MG Oral Tablet [Moderiba],Drug,RxNorm,Branded Drug,S,1486202,2/3/2014,12/31/2099,NA
1762780,ribavirin 600 MG Oral Tablet [Ribasphere],Drug,RxNorm,Branded Drug,S,616133,4/2/2006,12/31/2099,NA
19125836,ribavirin 600 MG Oral Tablet [RibaTab],Drug,RxNorm,Branded Drug,S,701413,4/29/2007,12/31/2099,NA
40238930,rilpivirine,Drug,RxNorm,Ingredient,S,1102270,6/5/2011,12/31/2099,NA
40238932,rilpivirine 25 MG Oral Tablet,Drug,RxNorm,Clinical Drug,S,1102273,6/5/2011,12/31/2099,NA
40238933,rilpivirine 25 MG Oral Tablet [Edurant],Drug,RxNorm,Branded Drug,S,1102277,6/5/2011,12/31/2099,NA
1763339,rimantadine,Drug,RxNorm,Ingredient,S,9386,1/1/1970,12/31/2099,NA
40163398,rimantadine hydrochloride 10 MG/ML Oral Solution,Drug,RxNorm,Clinical Drug,S,856600,8/2/2009,12/31/2099,NA
40163401,rimantadine hydrochloride 100 MG,Drug,RxNorm,Clinical Drug Comp,S,856604,8/2/2009,12/31/2099,NA
40163404,rimantadine hydrochloride 100 MG [Flumadine],Drug,RxNorm,Branded Drug Comp,S,856606,8/2/2009,12/31/2099,NA
40163402,rimantadine hydrochloride 100 MG Oral Tablet,Drug,RxNorm,Clinical Drug,S,856605,8/2/2009,12/31/2099,NA
40163403,rimantadine hydrochloride 100 MG Oral Tablet [Flumadine],Drug,RxNorm,Branded Drug,S,856607,8/2/2009,12/31/2099,NA
1748921,ritonavir,Drug,RxNorm,Ingredient,S,85762,1/1/1970,12/31/2099,NA
19082373,ritonavir 100 MG Oral Capsule,Drug,RxNorm,Clinical Drug,S,317150,1/1/1970,12/31/2099,NA
19016698,ritonavir 100 MG Oral Capsule [Norvir],Drug,RxNorm,Branded Drug,S,152970,1/1/1970,12/31/2099,NA
1592438,ritonavir 100 MG Oral Powder [Norvir],Drug,RxNorm,Branded Drug,S,1926069,8/7/2017,12/31/2099,NA
40171778,ritonavir 100 MG Oral Tablet,Drug,RxNorm,Clinical Drug,S,900575,2/28/2010,12/31/2099,NA
40171779,ritonavir 100 MG Oral Tablet [Norvir],Drug,RxNorm,Branded Drug,S,900577,2/28/2010,12/31/2099,NA
1748954,ritonavir 80 MG/ML Oral Solution,Drug,RxNorm,Clinical Drug,S,199249,1/1/1970,12/31/2099,NA
1748953,ritonavir 80 MG/ML Oral Solution [Norvir],Drug,RxNorm,Branded Drug,S,152971,1/1/1970,12/31/2099,NA
1746244,saquinavir,Drug,RxNorm,Ingredient,S,83395,1/1/1970,12/31/2099,NA
19022976,saquinavir 200 MG Oral Capsule,Drug,RxNorm,Clinical Drug,S,200105,1/1/1970,12/31/2099,NA
19043586,saquinavir 200 MG Oral Capsule [Fortovase],Drug,RxNorm,Branded Drug,S,210201,1/1/1970,12/31/2099,NA
40166029,saquinavir 200 MG Oral Capsule [Invirase],Drug,RxNorm,Branded Drug,S,859861,9/6/2009,12/31/2099,NA
40166032,saquinavir mesylate 500 MG Oral Tablet,Drug,RxNorm,Clinical Drug,S,859863,9/6/2009,12/31/2099,NA
40166033,saquinavir mesylate 500 MG Oral Tablet [Invirase],Drug,RxNorm,Branded Drug,S,859865,9/6/2009,12/31/2099,NA
44785086,simeprevir,Drug,RxNorm,Ingredient,S,1482790,1/6/2014,12/31/2099,NA
44785088,simeprevir 150 MG Oral Capsule,Drug,RxNorm,Clinical Drug,S,1482801,1/6/2014,12/31/2099,NA
44785089,simeprevir 150 MG Oral Capsule [Olysio],Drug,RxNorm,Branded Drug,S,1482807,1/6/2014,12/31/2099,NA
44785094,sofosbuvir,Drug,RxNorm,Ingredient,S,1484911,1/6/2014,12/31/2099,NA
37499477,sofosbuvir 200 MG / velpatasvir 50 MG Oral Tablet [Epclusa],Drug,RxNorm,Branded Drug,S,2288816,5/4/2020,12/31/2099,NA
793746,sofosbuvir 400 MG / velpatasvir 100 MG / voxilaprevir 100 MG Oral Tablet,Drug,RxNorm,Clinical Drug,S,1939329,2/5/2018,12/31/2099,NA
793752,sofosbuvir 400 MG / velpatasvir 100 MG / voxilaprevir 100 MG Oral Tablet [Vosevi],Drug,RxNorm,Branded Drug,S,1939335,2/5/2018,12/31/2099,NA
36249209,sofosbuvir 400 MG / velpatasvir 100 MG Oral Tablet,Drug,RxNorm,Clinical Drug,S,1799212,8/1/2016,12/31/2099,NA
36249215,sofosbuvir 400 MG / velpatasvir 100 MG Oral Tablet [Epclusa],Drug,RxNorm,Branded Drug,S,1799218,8/1/2016,12/31/2099,NA
44785096,sofosbuvir 400 MG Oral Tablet,Drug,RxNorm,Clinical Drug,S,1484916,1/6/2014,12/31/2099,NA
44785097,sofosbuvir 400 MG Oral Tablet [Sovaldi],Drug,RxNorm,Branded Drug,S,1484922,1/6/2014,12/31/2099,NA
1781406,stavudine,Drug,RxNorm,Ingredient,S,59763,1/1/1970,12/31/2099,NA
1781436,stavudine 1 MG/ML Oral Solution,Drug,RxNorm,Clinical Drug,S,315217,1/1/1970,12/31/2099,NA
1781411,stavudine 1 MG/ML Oral Solution [Zerit],Drug,RxNorm,Branded Drug,S,153652,1/1/1970,12/31/2099,NA
19079683,stavudine 15 MG Oral Capsule,Drug,RxNorm,Clinical Drug,S,313107,1/1/1970,12/31/2099,NA
1781407,stavudine 15 MG Oral Capsule [Zerit],Drug,RxNorm,Branded Drug,S,152941,1/1/1970,12/31/2099,NA
19079684,stavudine 20 MG Oral Capsule,Drug,RxNorm,Clinical Drug,S,313108,1/1/1970,12/31/2099,NA
1781408,stavudine 20 MG Oral Capsule [Zerit],Drug,RxNorm,Branded Drug,S,152942,1/1/1970,12/31/2099,NA
19079685,stavudine 30 MG Oral Capsule,Drug,RxNorm,Clinical Drug,S,313109,1/1/1970,12/31/2099,NA
1781409,stavudine 30 MG Oral Capsule [Zerit],Drug,RxNorm,Branded Drug,S,152943,1/1/1970,12/31/2099,NA
19085390,stavudine 40 MG,Drug,RxNorm,Clinical Drug Comp,S,330498,1/1/1970,12/31/2099,NA
19116993,stavudine 40 MG [Zerit],Drug,RxNorm,Branded Drug Comp,S,565120,9/11/2005,12/31/2099,NA
19079686,stavudine 40 MG Oral Capsule,Drug,RxNorm,Clinical Drug,S,313110,1/1/1970,12/31/2099,NA
1781410,stavudine 40 MG Oral Capsule [Zerit],Drug,RxNorm,Branded Drug,S,152944,1/1/1970,12/31/2099,NA
40239330,telaprevir,Drug,RxNorm,Ingredient,S,1102261,6/5/2011,12/31/2099,NA
40239332,telaprevir 375 MG Oral Tablet,Drug,RxNorm,Clinical Drug,S,1102280,6/5/2011,12/31/2099,NA
40239333,telaprevir 375 MG Oral Tablet [Incivek],Drug,RxNorm,Branded Drug,S,1102282,6/5/2011,12/31/2099,NA
35605546,tenofovir alafenamide,Drug,RxNorm,Ingredient,S,1721603,5/2/2016,12/31/2099,NA
1718503,tenofovir alafenamide 25 MG Oral Tablet,Drug,RxNorm,Clinical Drug,S,1858261,1/3/2017,12/31/2099,NA
1718509,tenofovir alafenamide 25 MG Oral Tablet [Vemlidy],Drug,RxNorm,Branded Drug,S,1858267,1/3/2017,12/31/2099,NA
1710281,tenofovir disoproxil,Drug,RxNorm,Ingredient,S,300195,1/1/1970,12/31/2099,NA
42708120,tenofovir disoproxil fumarate 0.04 MG/MG Oral Powder,Drug,RxNorm,Clinical Drug,S,1243343,5/7/2012,12/31/2099,NA
42708121,tenofovir disoproxil fumarate 0.04 MG/MG Oral Powder [Viread],Drug,RxNorm,Branded Drug,S,1243346,5/7/2012,12/31/2099,NA
42708114,tenofovir disoproxil fumarate 150 MG Oral Tablet,Drug,RxNorm,Clinical Drug,S,1243324,5/7/2012,12/31/2099,NA
42708115,tenofovir disoproxil fumarate 150 MG Oral Tablet [Viread],Drug,RxNorm,Branded Drug,S,1243326,5/7/2012,12/31/2099,NA
42708116,tenofovir disoproxil fumarate 200 MG Oral Tablet,Drug,RxNorm,Clinical Drug,S,1243328,5/7/2012,12/31/2099,NA
42708117,tenofovir disoproxil fumarate 200 MG Oral Tablet [Viread],Drug,RxNorm,Branded Drug,S,1243330,5/7/2012,12/31/2099,NA
42708096,tenofovir disoproxil fumarate 250 MG Oral Tablet,Drug,RxNorm,Clinical Drug,S,1243227,5/7/2012,12/31/2099,NA
42708097,tenofovir disoproxil fumarate 250 MG Oral Tablet [Viread],Drug,RxNorm,Branded Drug,S,1243229,5/7/2012,12/31/2099,NA
1710312,tenofovir disoproxil fumarate 300 MG Oral Tablet,Drug,RxNorm,Clinical Drug,S,349251,1/1/1970,12/31/2099,NA
19098330,tenofovir disoproxil fumarate 300 MG Oral Tablet [Viread],Drug,RxNorm,Branded Drug,S,352050,1/1/1970,12/31/2099,NA
1737001,tipranavir 250 MG Oral Capsule,Drug,RxNorm,Clinical Drug,S,577212,11/13/2005,12/31/2099,NA
19122565,tipranavir 250 MG Oral Capsule [Aptivus],Drug,RxNorm,Branded Drug,S,603378,2/26/2006,12/31/2099,NA
1717704,valacyclovir,Drug,RxNorm,Ingredient,S,73645,1/1/1970,12/31/2099,NA
19084848,valacyclovir 1000 MG,Drug,RxNorm,Clinical Drug Comp,S,330296,1/1/1970,12/31/2099,NA
19022914,valacyclovir 1000 MG [Valtrex],Drug,RxNorm,Branded Drug Comp,S,572631,9/11/2005,12/31/2099,NA
1717707,valacyclovir 1000 MG Oral Tablet,Drug,RxNorm,Clinical Drug,S,313564,1/1/1970,12/31/2099,NA
1717706,valacyclovir 1000 MG Oral Tablet [Valtrex],Drug,RxNorm,Branded Drug,S,212448,1/1/1970,12/31/2099,NA
19085487,valacyclovir 500 MG,Drug,RxNorm,Clinical Drug Comp,S,330526,1/1/1970,12/31/2099,NA
19022913,valacyclovir 500 MG [Valtrex],Drug,RxNorm,Branded Drug Comp,S,564583,9/11/2005,12/31/2099,NA
1717708,valacyclovir 500 MG Oral Tablet,Drug,RxNorm,Clinical Drug,S,313565,1/1/1970,12/31/2099,NA
19010431,valacyclovir 500 MG Oral Tablet [Valtrex],Drug,RxNorm,Branded Drug,S,108780,1/1/1970,12/31/2099,NA
40100410,valacyclovir Oral Tablet,Drug,RxNorm,Clinical Drug Form,S,374272,1/1/1970,12/31/2099,NA
1703063,valganciclovir,Drug,RxNorm,Ingredient,S,275891,1/1/1970,12/31/2099,NA
1703066,valganciclovir 450 MG,Drug,RxNorm,Clinical Drug Comp,S,331565,1/1/1970,12/31/2099,NA
19120745,valganciclovir 450 MG [Valcyte],Drug,RxNorm,Branded Drug Comp,S,575014,9/11/2005,12/31/2099,NA
1703065,valganciclovir 450 MG Oral Tablet,Drug,RxNorm,Clinical Drug,S,313566,1/1/1970,12/31/2099,NA
1703064,valganciclovir 450 MG Oral Tablet [Valcyte],Drug,RxNorm,Branded Drug,S,284587,1/1/1970,12/31/2099,NA
40166691,valganciclovir 50 MG/ML Oral Solution,Drug,RxNorm,Clinical Drug,S,863559,10/4/2009,12/31/2099,NA
40166692,valganciclovir 50 MG/ML Oral Solution [Valcyte],Drug,RxNorm,Branded Drug,S,863562,10/4/2009,12/31/2099,NA
36249204,velpatasvir,Drug,RxNorm,Ingredient,S,1799206,8/1/2016,12/31/2099,NA
908126,vidarabine,Drug,RxNorm,Ingredient,S,11194,1/1/1970,12/31/2099,NA
793741,voxilaprevir,Drug,RxNorm,Ingredient,S,1939323,2/5/2018,12/31/2099,NA
1724827,zalcitabine,Drug,RxNorm,Ingredient,S,3363,1/1/1970,12/31/2099,NA
19079870,zalcitabine 0.75 MG Oral Tablet,Drug,RxNorm,Clinical Drug,S,313760,1/1/1970,12/31/2099,NA
19010236,zalcitabine 0.75 MG Oral Tablet [Hivid],Drug,RxNorm,Branded Drug,S,108473,1/1/1970,12/31/2099,NA
1708748,zanamivir,Drug,RxNorm,Ingredient,S,69722,1/1/1970,12/31/2099,NA
1710612,zidovudine,Drug,RxNorm,Ingredient,S,11413,1/1/1970,12/31/2099,NA
19129077,zidovudine 10 MG/ML Oral Solution,Drug,RxNorm,Clinical Drug,S,756209,3/2/2008,12/31/2099,NA
1710659,zidovudine 10 MG/ML Oral Solution [Retrovir],Drug,RxNorm,Branded Drug,S,755298,3/2/2008,12/31/2099,NA
19117688,zidovudine 100 MG [Retrovir],Drug,RxNorm,Branded Drug Comp,S,566052,9/11/2005,12/31/2099,NA
1710616,zidovudine 100 MG Oral Capsule,Drug,RxNorm,Clinical Drug,S,198352,1/1/1970,12/31/2099,NA
19025941,zidovudine 100 MG Oral Capsule [Retrovir],Drug,RxNorm,Branded Drug,S,201907,1/1/1970,12/31/2099,NA
1710617,zidovudine 300 MG Oral Tablet,Drug,RxNorm,Clinical Drug,S,199663,1/1/1970,12/31/2099,NA
1710615,zidovudine 300 MG Oral Tablet [Retrovir],Drug,RxNorm,Branded Drug,S,152772,1/1/1970,12/31/2099,NA
1718459,zidovudine Injection,Drug,RxNorm,Clinical Drug Form,S,1857601,1/3/2017,12/31/2099,NA
